"image","xmin","ymin","xmax","ymax","label"
"1651946284.400168.png",97.59740259740259,13.636363636363635,113.7012987012987,31.16883116883117,"living"
"1651946304.801748.png",75,23.506493506493506,94.48051948051948,44.15584415584415,"living"
"1651946313.8652506.png",85.77922077922076,57.92207792207792,115.12987012987011,87.92207792207792,"dead"
"1651946374.530834.png",39.8051948051948,10.12987012987013,54.99999999999999,25.454545454545453,"living"
"1651946374.530834.png",93.44155844155843,10.779220779220779,109.4155844155844,27.4025974025974,"living"
"1651946394.9472015.png",17.207792207792206,49.870129870129865,50.06493506493506,80.77922077922076,"living"
"1651946394.9472015.png",119.93506493506493,41.81818181818181,148.63636363636363,68.57142857142856,"living"
"1651946402.300169.png",58.246753246753244,58.31168831168831,90.32467532467533,90.9090909090909,"living"
"1651946415.157863.png",92.66233766233765,48.831168831168824,122.012987012987,78.18181818181817,"living"
"1651946425.9799974.png",73.83116883116882,39.480519480519476,97.2077922077922,62.72727272727272,"dead"
"1651946436.607662.png",112.66233766233765,47.662337662337656,143.4415584415584,75.58441558441558,"living"
"1651946447.9322975.png",46.23376623376623,14.155844155844154,62.92207792207792,31.16883116883116,"living"
"1651946454.7861896.png",70.84415584415584,29.999999999999996,91.62337662337661,50.77922077922078,"dead"
"1651946464.2691298.png",117.85714285714285,30.909090909090907,140.19480519480518,52.2077922077922,"dead"
"1651946467.0219102.png",8.766233766233766,36.75324675324675,32.92207792207792,59.090909090909086,"dead"
"1651946532.7893298.png",9.675324675324674,59.090909090909086,44.99999999999999,93.11688311688312,"living"
"1651946537.091344.png",119.67532467532466,20.519480519480517,140.19480519480518,40.90909090909091,"living"
"1651946546.8535757.png",82.66233766233765,25.71428571428571,102.27272727272725,45.58441558441558,"dead"
"1651946560.796011.png",58.57142857142857,73.24675324675324,98.63636363636363,114.8051948051948,"living"
"1651946593.8379843.png",32.14285714285714,71.29870129870129,71.23376623376623,111.94805194805193,"living"
"1651946600.0476136.png",66.42857142857142,43.246753246753244,95.38961038961037,71.94805194805194,"living"
"1651946604.5942647.png",78.8961038961039,46.36363636363636,108.8961038961039,76.62337662337661,"living"
"1651946611.1715126.png",31.88311688311688,30.779220779220775,53.831168831168824,52.98701298701298,"dead"
"1651946620.282427.png",126.42857142857142,31.168831168831165,149.8051948051948,52.2077922077922,"dead"
"1651946627.0276027.png",51.88311688311688,40.90909090909091,79.67532467532467,68.83116883116882,"living"
"1651946640.0233629.png",28.636363636363633,50.259740259740255,60.71428571428571,81.03896103896103,"living"
"1651946684.995452.png",114.09090909090908,60.90909090909091,147.33766233766232,91.94805194805194,"dead"
"1651946689.348089.png",75,44.8051948051948,103.96103896103895,73.24675324675324,"living"
"1651946698.4211047.png",130.32467532467533,29.610389610389607,155.3896103896104,52.85714285714285,"living"
"1651946709.4454916.png",14.999999999999998,36.36363636363636,41.1038961038961,60.90909090909091,"living"
"1651946713.617781.png",15.12987012987013,16.49350649350649,33.7012987012987,34.28571428571428,"living"
"1651946716.5866668.png",42.79220779220779,62.98701298701298,79.02597402597402,98.3116883116883,"living"
"1651946725.4840977.png",55.259740259740255,79.09090909090908,95.51948051948051,117.9220779220779,"living"
"1651946730.075969.png",58.246753246753244,78.3116883116883,99.8051948051948,119.48051948051946,"living"
"1651946734.915034.png",75.64935064935064,2.2077922077922074,88.5064935064935,15.324675324675324,"living"
"1651946738.4356408.png",2.662337662337662,21.948051948051948,24.09090909090909,41.81818181818181,"living"
"1651946741.7597222.png",106.55844155844154,23.636363636363633,126.94805194805193,43.76623376623376,"dead"
"1651946741.7597222.png",70,7.532467532467532,82.4025974025974,24.025974025974023,"living"
"1651946744.8173401.png",69.67532467532467,12.727272727272727,86.16883116883116,29.610389610389607,"living"
"1651946744.8173401.png",106.94805194805194,23.506493506493506,126.68831168831167,43.76623376623377,"dead"
"1651946750.9409106.png",54.6103896103896,27.01298701298701,75.64935064935064,48.31168831168831,"living"
"1651946754.086697.png",63.831168831168824,26.36363636363636,84.2207792207792,47.01298701298701,"dead"
"1651946757.464399.png",60.19480519480519,20.519480519480517,80.19480519480518,40.38961038961038,"living"
"1651946770.3466597.png",60.71428571428571,10.649350649350648,76.03896103896103,26.49350649350649,"living"
"1651946773.2165473.png",25.519480519480517,16.1038961038961,44.6103896103896,34.54545454545454,"living"
"1651946781.7404156.png",31.88311688311688,14.935064935064934,50.45454545454545,33.896103896103895,"living"
"1651946781.7404156.png",83.83116883116882,22.207792207792206,103.3116883116883,42.2077922077922,"dead"
"1651946786.6621704.png",10.064935064935064,45.71428571428571,40.324675324675326,74.15584415584415,"living"
"1651946790.397081.png",59.41558441558441,5.064935064935065,73.83116883116882,19.220779220779217,"living"
"1651946794.6571658.png",35.97402597402597,36.36363636363636,59.8051948051948,58.7012987012987,"dead"
"1651946794.6571658.png",119.02597402597401,8.311688311688311,134.87012987012986,24.415584415584412,"living"
"1651946814.9474592.png",50.32467532467532,20.649350649350648,68.24675324675324,38.96103896103896,"dead"
"1651946827.8566682.png",26.558441558441555,14.805194805194803,44.090909090909086,33.246753246753244,"living"
"1651946840.683271.png",112.4025974025974,32.59740259740259,137.72727272727272,57.14285714285714,"living"
"1651946843.774709.png",6.8181818181818175,26.1038961038961,29.8051948051948,46.883116883116884,"living"
"1651946857.5174975.png",68.63636363636363,21.818181818181817,86.55844155844154,39.22077922077922,"dead"
"1651946868.6723254.png",59.67532467532467,4.025974025974025,72.4025974025974,17.27272727272727,"dead"
"1651946878.548788.png",62.662337662337656,31.428571428571427,86.68831168831167,55.45454545454545,"living"
"1651946878.548788.png",95.38961038961038,10.649350649350648,109.93506493506493,26.75324675324675,"dead"
"1651946895.410405.png",69.02597402597402,7.922077922077921,84.22077922077922,24.285714285714285,"living"
"1651946895.410405.png",68.5064935064935,35.84415584415584,91.23376623376623,58.7012987012987,"dead"
"1651946895.410405.png",68.37662337662337,60.51948051948052,102.012987012987,94.41558441558442,"living"
"1651946899.7118623.png",27.207792207792206,11.168831168831169,44.22077922077922,28.31168831168831,"living"
"1651946899.7118623.png",57.207792207792195,33.24675324675324,78.11688311688309,54.54545454545453,"dead"
"1651946899.7118623.png",80.19480519480518,47.92207792207792,109.15584415584414,77.012987012987,"living"
"1651946904.8817422.png",18.116883116883116,34.02597402597402,41.49350649350649,55.97402597402597,"dead"
"1651946904.8817422.png",56.16883116883116,32.077922077922075,78.37662337662337,55.45454545454545,"living"
"1651946917.442338.png",42.01298701298701,9.610389610389609,58.5064935064935,26.883116883116877,"living"
"1651946917.442338.png",106.55844155844154,44.15584415584415,134.99999999999997,71.55844155844156,"living"
"1651946920.937378.png",21.103896103896098,52.59740259740259,53.3116883116883,83.11688311688309,"living"
"1651946962.9460504.png",31.36363636363636,41.688311688311686,60.194805194805184,69.74025974025973,"living"
"1651946967.3126857.png",114.87012987012986,19.740259740259738,135.9090909090909,40.649350649350644,"living"
"1651946981.6164708.png",84.87012987012986,17.4025974025974,103.44155844155843,37.92207792207792,"living"
"1651946981.6164708.png",91.62337662337661,58.96103896103896,122.53246753246752,90.12987012987011,"dead"
"manual_1.png",26.168831168831165,40.90909090909091,50.194805194805184,65.32467532467533,"dead"
"manual_1.png",110.58441558441558,31.948051948051944,144.4805194805195,65.06493506493506,"dead"
"manual_1.png",91.75324675324674,68.96103896103895,117.07792207792207,94.28571428571428,"dead"
"1650304924587.png",0.06493506493506493,15.584415584415583,7.207792207792207,42.98701298701298,"living"
"1650304924587.png",127.98701298701297,12.987012987012985,154.74025974025972,41.038961038961034,"living"
"1650304936609.png",8.636363636363635,13.116883116883116,38.246753246753244,41.81818181818181,"living"
"1650304943893.png",33.31168831168831,12.857142857142856,65.25974025974025,45.454545454545446,"dead"
"1650304957106.png",50.19480519480519,17.79220779220779,67.20779220779221,34.28571428571428,"dead"
"1650304957106.png",84.2207792207792,15.064935064935064,104.99999999999999,37.01298701298701,"living"
"1650305003926.png",129.8051948051948,13.766233766233764,158.76623376623374,41.16883116883116,"living"
"1650305031801.png",21.1038961038961,0.2597402597402597,111.75324675324674,91.55844155844154,"dead"
"1650305044166.png",16.428571428571427,12.077922077922077,52.66233766233766,47.92207792207792,"dead"
"1650305044166.png",95.64935064935064,12.987012987012985,122.66233766233765,40.90909090909091,"living"
"1650305072685.png",73.05194805194805,7.272727272727272,113.7012987012987,49.22077922077922,"living"
"1650305098325.png",69.28571428571428,14.285714285714285,95.38961038961038,39.870129870129865,"living"
"1650305121171.png",38.246753246753244,11.038961038961038,68.63636363636363,41.038961038961034,"living"
"1650305121171.png",118.89610389610388,14.285714285714285,144.48051948051946,38.051948051948045,"dead"
"1650305134468.png",30.324675324675322,6.103896103896103,78.76623376623375,54.15584415584415,"living"
"1650305134468.png",118.5064935064935,14.805194805194803,146.03896103896102,41.298701298701296,"dead"
"1650305156029.png",142.012987012987,8.7012987012987,159.99999999999997,48.57142857142857,"living"
"1650305165791.png",108.24675324675324,12.727272727272727,134.4805194805195,39.35064935064935,"living"
"1650305180828.png",75.64935064935064,6.753246753246753,122.27272727272725,54.8051948051948,"living"
"1650305209763.png",144.35064935064935,8.571428571428571,160,42.857142857142854,"living"
"1650305217389.png",29.155844155844154,16.1038961038961,51.36363636363636,37.01298701298701,"dead"
"1650305226861.png",71.75324675324674,11.298701298701298,100.84415584415584,40.649350649350644,"living"
"1650305232541.png",0,0,49.28571428571428,67.79220779220779,"living"
"1650305246404.png",26.948051948051944,2.2077922077922074,100.19480519480518,76.75324675324674,"dead"
"1650305306781.png",71.75324675324674,15.194805194805193,92.012987012987,36.23376623376623,"living"
"1650305384795.png",29.155844155844154,11.558441558441558,64.74025974025973,47.272727272727266,"dead"
"1650305384795.png",118.89610389610388,12.077922077922077,145.90909090909088,38.31168831168831,"living"
"1651946851.1378784.png",59.02597402597402,59.870129870129865,90.32467532467533,90.38961038961038,"dead"
"1651946946.0202417.png",12.922077922077921,46.1038961038961,43.44155844155844,73.37662337662337,"living"
"1651946952.33.png",59.15584415584415,5.584415584415584,72.4025974025974,19.48051948051948,"living"
"1651946952.33.png",101.49350649350649,19.740259740259738,117.33766233766232,35.32467532467532,"living"
"1651946987.24.png",87.72727272727272,7.012987012987012,101.88311688311687,21.818181818181817,"living"
"1651946987.24.png",130.84415584415584,27.4025974025974,148.50649350649348,44.15584415584415,"living"
"1651946996.17.png",80.97402597402596,13.766233766233764,97.2077922077922,31.688311688311686,"living"
"1651946996.17.png",70.84415584415584,55.19480519480519,95.51948051948051,80.64935064935065,"living"
"1651946999.4.png",67.07792207792207,58.441558441558435,92.14285714285714,83.24675324675323,"living"
"1651946999.4.png",94.74025974025973,16.623376623376622,112.012987012987,34.02597402597402,"living"
"1651947001.75.png",4.74025974025974,52.467532467532465,31.493506493506487,77.14285714285714,"living"
"1651947001.75.png",23.96103896103896,13.766233766233764,40.97402597402597,31.038961038961034,"living"
"1651947005.71.png",81.62337662337661,53.246753246753244,105.25974025974025,77.27272727272727,"living"
"1651947005.71.png",115.77922077922076,17.01298701298701,134.87012987012986,35.45454545454545,"living"
"1651947011.81.png",66.55844155844156,31.688311688311686,85,50.38961038961038,"living"
"1651947011.81.png",93.44155844155843,7.922077922077921,108.76623376623375,23.116883116883116,"living"
"1651947023.09.png",65.77922077922078,35.064935064935064,90.45454545454545,60.51948051948052,"living"
"1651947023.09.png",109.67532467532466,33.896103896103895,129.8051948051948,53.246753246753244,"living"
"1651947026.04.png",110.19480519480518,33.63636363636363,129.67532467532467,53.246753246753244,"living"
"1651947036.65.png",109.93506493506493,33.63636363636363,129.8051948051948,52.72727272727272,"living"
"1651947040.41.png",52.4025974025974,20.649350649350648,68.11688311688312,35.84415584415584,"living"
"1651947046.32.png",99.02597402597402,33.506493506493506,117.33766233766234,52.33766233766234,"living"
"1651947052.63.png",78.76623376623375,5.194805194805195,90.45454545454544,17.272727272727273,"living"
"1651947071.56.png",19.545454545454543,27.14285714285714,40.844155844155836,47.53246753246752,"dead"
"1651947079.15.png",19.415584415584412,27.4025974025974,41.23376623376623,47.01298701298701,"dead"
"1651947085.06.png",19.415584415584412,27.27272727272727,40.97402597402597,47.14285714285714,"dead"
"1651947090.36.png",61.623376623376615,24.8051948051948,81.10389610389609,44.415584415584405,"dead"
"1651947093.72.png",54.35064935064935,29.090909090909086,75.51948051948051,49.6103896103896,"dead"
"1651947099.56.png",119.93506493506493,4.415584415584415,133.7012987012987,17.66233766233766,"dead"
"1651947131.92.png",47.2077922077922,58.831168831168824,71.88311688311688,85.32467532467531,"living"
"1651947137.63.png",10.584415584415584,34.54545454545454,30.97402597402597,54.67532467532467,"living"
"1651947146.69.png",19.155844155844154,35.45454545454545,40.71428571428571,55.97402597402597,"living"
"1651947146.69.png",103.44155844155843,69.22077922077922,140.06493506493504,104.41558441558442,"dead"
"1651947151.59.png",28.636363636363633,31.558441558441555,48.636363636363626,50.649350649350644,"living"
"1651947151.59.png",109.8051948051948,62.857142857142854,144.35064935064935,94.4155844155844,"dead"
"1651947168.71.png",29.025974025974023,52.2077922077922,59.15584415584415,81.16883116883116,"dead"
"1651947168.71.png",85.25974025974025,25.58441558441558,101.23376623376623,43.37662337662337,"living"
"1651947218.93.png",29.285714285714285,26.88311688311688,49.675324675324674,47.01298701298701,"dead"
"1651947221.81.png",15.519480519480519,51.688311688311686,45.51948051948052,79.2207792207792,"dead"
"1651947231.89.png",32.53246753246753,45.32467532467532,55.259740259740255,68.44155844155844,"living"
"1651947234.3.png",97.27272727272727,56.62337662337661,122.5324675324675,82.20779220779218,"living"
"1651947237.93.png",25.389610389610386,55.58441558441558,49.54545454545454,80.12987012987013,"living"
"1651947244.64.png",125.77922077922076,43.246753246753244,147.59740259740258,64.41558441558442,"living"
"1651947248.67.png",121.23376623376622,42.72727272727273,146.03896103896102,66.1038961038961,"dead"
"1651947255.31.png",76.55844155844156,57.272727272727266,104.87012987012986,85.19480519480518,"dead"
"1651947323.49.png",78.11688311688312,54.02597402597402,102.53246753246754,77.4025974025974,"living"
"1651947331.25.png",68.5064935064935,71.42857142857142,103.18181818181817,105.45454545454544,"living"
"1651947335.5.png",10.454545454545453,46.1038961038961,40.324675324675326,73.24675324675323,"living"
"1651947345.54.png",112.92207792207792,53.5064935064935,145.5194805194805,84.4155844155844,"living"
"1651947422.59.png",124.74025974025973,14.545454545454543,143.96103896103895,33.76623376623376,"living"
"1651947424.87.png",83.83116883116882,10.779220779220779,99.4155844155844,26.75324675324675,"living"
"1651947427.29.png",53.37662337662337,10.259740259740257,68.37662337662337,26.36363636363636,"living"
"1651947429.1.png",42.53246753246753,15.844155844155843,59.93506493506493,33.246753246753244,"living"
"1651947442.66.png",21.88311688311688,9.999999999999998,36.298701298701296,24.285714285714285,"living"
"1651947453.67.png",43.7012987012987,16.363636363636363,57.85714285714285,30.77922077922078,"dead"
"1651947453.67.png",68.37662337662337,16.753246753246753,84.2207792207792,33.506493506493506,"living"
"1651947455.15.png",37.33766233766234,17.27272727272727,52.14285714285714,32.59740259740259,"dead"
"1651947455.15.png",62.79220779220778,15.064935064935064,78.5064935064935,31.688311688311686,"living"
"1651947457.7.png",52.79220779220779,14.415584415584414,67.98701298701299,29.740259740259738,"dead"
"1651947457.7.png",78.11688311688312,11.688311688311687,94.35064935064935,28.83116883116883,"living"
"1651947459.85.png",6.688311688311687,20.649350649350648,25.77922077922078,37.66233766233766,"dead"
"1651947459.85.png",36.81818181818181,14.935064935064934,54.35064935064935,33.896103896103895,"living"
"1651947464.95.png",31.363636363636356,19.87012987012987,49.220779220779214,36.62337662337662,"dead"
"1651947464.95.png",55.51948051948052,21.558441558441558,75.77922077922078,41.42857142857143,"living"
"1651947471.8.png",31.36363636363636,19.999999999999996,48.636363636363626,36.49350649350649,"dead"
"1651947471.8.png",55.90909090909091,21.688311688311686,75.9090909090909,41.16883116883116,"living"
"1651947489.52.png",91.10389610389609,33.246753246753244,111.6233766233766,53.76623376623376,"dead"
"1651947489.52.png",126.29870129870129,42.72727272727273,153.96103896103895,67.53246753246754,"living"
"1651947501.47.png",90.45454545454544,32.98701298701298,111.6233766233766,53.89610389610389,"dead"
"1651947501.47.png",126.29870129870129,40.77922077922077,156.16883116883116,68.83116883116882,"living"
"1651947516.24.png",20.974025974025974,34.93506493506493,43.57142857142857,55.71428571428571,"dead"
"1651947516.24.png",57.857142857142854,33.116883116883116,81.62337662337661,56.23376623376623,"living"
"1651947547.46.png",50.84415584415584,24.675324675324674,72.27272727272727,47.14285714285714,"living"
"1651947549.75.png",18.766233766233764,28.831168831168828,42.402597402597394,52.2077922077922,"living"
"1651947551.15.png",53.051948051948045,26.36363636363636,75,47.79220779220779,"living"
"1651947554.37.png",83.83116883116882,35.71428571428571,109.80519480519479,61.68831168831168,"living"
"1651947556.46.png",28.116883116883113,38.7012987012987,55.259740259740255,64.8051948051948,"living"
"1651947559.41.png",30.324675324675322,38.57142857142857,57.467532467532465,65.06493506493506,"living"
"1651947560.62.png",45.259740259740255,35.97402597402597,70.45454545454544,61.688311688311686,"living"
"1651947563.78.png",4.999999999999999,25.71428571428571,28.246753246753244,47.14285714285714,"living"
"1651947566.39.png",10.064935064935064,18.18181818181818,28.89610389610389,36.49350649350649,"living"
"1651947571.23.png",131.4935064935065,25.71428571428571,154.35064935064935,47.14285714285714,"living"
"1651947576.19.png",6.948051948051948,13.116883116883116,23.05194805194805,27.14285714285714,"dead"
"1651947577.13.png",6.1688311688311686,12.467532467532466,22.92207792207792,27.79220779220779,"dead"
"1651947581.1.png",40.32467532467532,9.74025974025974,53.7012987012987,22.727272727272727,"dead"
"1651947583.72.png",91.10389610389609,8.05194805194805,103.83116883116881,20.649350649350644,"dead"
"1651947585.59.png",112.53246753246752,8.44155844155844,125.90909090909089,22.207792207792203,"dead"
"1651947587.41.png",85.12987012987013,8.7012987012987,97.46753246753246,21.948051948051948,"dead"
"1651947617.69.png",67.59740259740259,7.532467532467532,82.01298701298701,22.467532467532465,"living"
"1651947619.97.png",23.18181818181818,10.259740259740258,38.896103896103895,26.1038961038961,"living"
"1651947622.45.png",128.76623376623377,13.506493506493506,146.6883116883117,31.168831168831165,"living"
"1651947623.99.png",98.37662337662337,9.870129870129869,113.96103896103895,24.935064935064933,"living"
"1651947629.23.png",87.46753246753246,51.81818181818181,119.4155844155844,83.76623376623375,"living"
"1651947631.25.png",109.54545454545453,52.467532467532465,142.5324675324675,81.81818181818181,"living"
"1651947635.74.png",27.467532467532465,63.63636363636363,65.25974025974025,101.42857142857142,"living"
"1651947638.3.png",121.88311688311687,50.12987012987013,155.1298701298701,81.03896103896103,"living"
"1651947641.45.png",122.9220779220779,49.6103896103896,156.16883116883116,80.12987012987011,"living"
"1651947650.11.png",65.38961038961038,74.54545454545453,105.77922077922076,116.6233766233766,"living"
"1651947653.4.png",65.25974025974025,74.67532467532467,104.6103896103896,116.36363636363636,"living"
"1651947707.65.png",104.87012987012986,44.41558441558441,133.8311688311688,72.46753246753246,"living"
"1651947710.94.png",44.870129870129865,64.28571428571428,81.23376623376623,100.12987012987011,"living"
"1651947716.38.png",27.07792207792207,50.779220779220765,59.02597402597401,82.07792207792207,"living"
"1651947731.21.png",26.818181818181817,51.038961038961034,58.37662337662337,81.42857142857142,"living"
"1651947744.98.png",26.168831168831165,50.649350649350644,58.896103896103895,81.94805194805194,"living"
"1651947748.0.png",33.83116883116883,54.15584415584415,68.11688311688312,86.36363636363635,"living"
"1651947754.71.png",79.8051948051948,38.831168831168824,107.46753246753246,65.97402597402596,"living"
"1651947760.41.png",79.8051948051948,38.7012987012987,106.94805194805194,65.58441558441558,"living"
"1651947766.25.png",80.45454545454545,38.96103896103896,107.46753246753246,65.97402597402598,"living"
"1651947778.01.png",106.55844155844154,25.454545454545453,128.76623376623374,47.14285714285714,"living"
"1651947793.11.png",78.24675324675324,8.311688311688311,89.41558441558442,19.35064935064935,"living"
"1651947794.59.png",58.5064935064935,9.09090909090909,69.4155844155844,20,"living"
"1651947796.47.png",118.63636363636363,10.259740259740258,130.84415584415584,22.207792207792206,"living"
"1651947808.62.png",118.5064935064935,11.298701298701298,129.8051948051948,22.857142857142854,"living"
"1651947810.5.png",118.18181818181817,10.779220779220779,130.06493506493504,22.727272727272727,"living"
"1651947811.91.png",117.72727272727272,10.649350649350648,130.06493506493507,23.246753246753244,"living"
"1651947830.24.png",34.090909090909086,31.038961038961038,57.98701298701298,53.896103896103895,"living"
"1651947839.77.png",93.05194805194805,16.363636363636363,110.84415584415584,34.15584415584415,"living"
"1651947852.33.png",92.92207792207792,15.974025974025972,111.36363636363636,34.93506493506493,"living"
"1651947852.33.png",114.35064935064933,33.63636363636363,138.50649350649348,56.36363636363636,"dead"
"1651947854.41.png",53.96103896103896,18.44155844155844,71.88311688311688,37.272727272727266,"living"
"1651947854.41.png",78.8961038961039,34.41558441558441,100.32467532467533,56.1038961038961,"dead"
"1651947858.71.png",18.636363636363633,9.610389610389609,34.480519480519476,25.58441558441558,"living"
"1651947858.71.png",45.51948051948052,14.805194805194803,62.01298701298701,32.077922077922075,"dead"
"1651947860.52.png",34.870129870129865,11.038961038961038,51.49350649350649,27.53246753246753,"living"
"1651947860.52.png",65,16.363636363636363,82.01298701298701,34.15584415584415,"dead"
"1651947862.46.png",92.27272727272727,5.324675324675324,107.07792207792207,19.740259740259738,"living"
"1651947862.46.png",116.68831168831167,13.896103896103895,132.9220779220779,29.740259740259738,"dead"
"1651947864.07.png",49.67532467532467,6.233766233766233,63.70129870129869,20.519480519480517,"living"
"1651947864.07.png",72.66233766233765,12.597402597402596,87.72727272727272,28.05194805194805,"dead"
"1651947868.44.png",5.779220779220779,15.194805194805193,23.05194805194805,31.688311688311686,"dead"
"1651947902.54.png",102.012987012987,41.42857142857142,127.33766233766232,65.71428571428571,"dead"
"1651947909.53.png",89.8051948051948,36.88311688311688,113.7012987012987,60.64935064935064,"dead"
"1651947909.53.png",10.974025974025974,64.8051948051948,48.636363636363626,100.9090909090909,"living"
"1651947921.07.png",94.74025974025973,37.53246753246753,118.5064935064935,60.77922077922077,"dead"
"1651947921.07.png",17.077922077922075,60.12987012987013,51.623376623376615,93.89610389610388,"living"
"1651947921.07.png",69.93506493506493,0.2597402597402597,79.15584415584415,9.870129870129869,"living"
"1651947925.03.png",51.88311688311688,55.58441558441558,84.48051948051946,87.27272727272727,"living"
"1651947925.03.png",106.29870129870129,1.1688311688311688,114.74025974025973,10.259740259740258,"living"
"1651947925.03.png",130.06493506493504,43.246753246753244,157.7272727272727,68.57142857142857,"dead"
"1651947927.65.png",99.4155844155844,42.077922077922075,124.09090909090908,66.62337662337661,"dead"
"1651947927.65.png",71.75324675324673,0.909090909090909,80.3246753246753,10.389610389610386,"living"
"1651947927.65.png",14.350649350649348,67.66233766233766,53.831168831168824,104.93506493506493,"living"
"1651947930.88.png",17.207792207792206,77.01298701298701,60.324675324675326,117.4025974025974,"living"
"1651947930.88.png",111.49350649350649,49.99999999999999,140.45454545454544,78.44155844155843,"dead"
"1651947930.88.png",82.53246753246752,1.4285714285714284,91.88311688311687,11.948051948051948,"living"
"1651947935.11.png",45.12987012987013,54.8051948051948,74.35064935064935,82.59740259740259,"dead"
"1651947935.11.png",4.87012987012987,7.402597402597402,17.207792207792206,19.610389610389607,"living"
"1651947937.66.png",9.285714285714285,9.35064935064935,21.233766233766232,21.558441558441558,"living"
"1651947937.66.png",43.96103896103896,71.03896103896103,79.93506493506493,105.06493506493506,"dead"
"1651947942.22.png",95.12987012987013,3.766233766233766,104.74025974025973,13.506493506493506,"living"
"1651947942.22.png",119.67532467532466,65.19480519480518,154.35064935064935,98.83116883116881,"dead"
"1651947946.52.png",87.46753246753246,3.1168831168831166,99.54545454545455,16.363636363636363,"living"
"1651947948.6.png",114.48051948051948,7.142857142857142,128.37662337662337,21.688311688311686,"living"
"1651947949.87.png",78.8961038961039,7.922077922077921,92.92207792207792,22.987012987012985,"living"
"1651947953.5.png",76.03896103896103,7.402597402597402,91.62337662337661,22.857142857142854,"living"
"1651947954.84.png",49.02597402597402,10.38961038961039,63.57142857142857,25.97402597402597,"living"
"1651947956.45.png",86.55844155844154,12.077922077922077,102.4025974025974,28.18181818181818,"living"
"1651947960.62.png",73.05194805194805,12.597402597402596,89.28571428571428,28.311688311688307,"living"
"1651947961.76.png",51.62337662337662,13.896103896103895,67.98701298701299,30.779220779220775,"living"
"1651947965.04.png",77.85714285714285,39.99999999999999,103.83116883116881,66.36363636363635,"living"
"1651947968.61.png",14.870129870129869,11.688311688311687,27.727272727272727,25.324675324675322,"living"
"1651947974.45.png",14.610389610389609,12.077922077922077,27.98701298701298,25.19480519480519,"living"
"1651947974.45.png",72.92207792207792,44.02597402597402,100.71428571428571,71.55844155844156,"living"
"1651947979.68.png",36.42857142857142,9.610389610389609,48.246753246753244,22.207792207792203,"living"
"1651947979.68.png",89.8051948051948,46.36363636363636,118.63636363636363,75.97402597402596,"living"
"1651947979.68.png",3.3116883116883113,57.14285714285714,36.55844155844156,86.49350649350649,"dead"
"1651947983.51.png",21.298701298701296,8.96103896103896,34.09090909090908,22.077922077922075,"living"
"1651947983.51.png",79.67532467532467,34.54545454545454,103.44155844155844,59.6103896103896,"living"
"1651947983.51.png",4.87012987012987,48.96103896103896,33.96103896103896,74.41558441558442,"dead"
"1651947986.4.png",68.96103896103895,6.493506493506492,81.6233766233766,19.350649350649345,"living"
"1651947986.4.png",123.57142857142856,44.93506493506493,154.74025974025972,74.54545454545453,"living"
"1651947986.4.png",48.11688311688311,46.36363636363636,73.83116883116882,71.94805194805194,"dead"
"1651947990.49.png",99.22077922077919,12.207792207792203,111.8181818181818,25.84415584415583,"living"
"1651947990.49.png",63.57142857142856,67.92207792207792,96.16883116883116,101.03896103896103,"dead"
"1651947995.46.png",55.12987012987013,49.99999999999999,85.12987012987013,80.38961038961038,"living"
"1651948005.53.png",114.99999999999999,27.53246753246753,136.16883116883116,49.090909090909086,"dead"
"1651948012.85.png",47.72727272727272,43.63636363636363,69.15584415584415,66.10389610389609,"living"
"1651948012.85.png",110.97402597402596,18.44155844155844,129.4155844155844,37.272727272727266,"living"
"1651948018.08.png",101.75324675324674,57.662337662337656,133.96103896103895,88.18181818181817,"living"
"1651948028.96.png",137.72727272727272,10.519480519480519,155.9090909090909,27.272727272727273,"living"
"1651948029.57.png",126.94805194805194,8.7012987012987,142.53246753246754,24.8051948051948,"living"
"1651948031.65.png",8.896103896103895,8.96103896103896,26.428571428571427,25.844155844155843,"living"
"1651948033.33.png",50.19480519480519,11.168831168831169,66.29870129870129,27.79220779220779,"living"
"1651948034.8.png",70.51948051948051,13.116883116883116,88.1168831168831,31.818181818181817,"living"
"1651948036.21.png",99.15584415584415,15.454545454545453,116.68831168831169,34.02597402597402,"living"
"1651948038.5.png",124.87012987012986,19.09090909090909,144.6103896103896,38.18181818181818,"living"
"1651948041.52.png",12.4025974025974,33.37662337662337,37.077922077922075,56.623376623376615,"living"
"1651948050.45.png",57.72727272727272,35.97402597402597,81.62337662337661,60.259740259740255,"living"
"1651948052.73.png",98.63636363636363,45.71428571428571,125.38961038961037,71.94805194805194,"living"
"1651948054.95.png",68.37662337662337,46.23376623376623,95.9090909090909,73.63636363636363,"living"
"1651948056.82.png",18.506493506493506,57.14285714285714,50.324675324675326,88.57142857142857,"living"
"1651948059.44.png",86.29870129870129,11.948051948051948,99.4155844155844,25.97402597402597,"living"
"1651948061.66.png",133.05194805194805,16.49350649350649,147.33766233766232,31.558441558441555,"living"
"1651948068.1.png",6.038961038961038,15.584415584415583,24.999999999999996,33.896103896103895,"living"
"1651948068.1.png",137.33766233766232,9.48051948051948,150.84415584415584,22.077922077922075,"living"
"1651948073.14.png",36.81818181818181,12.727272727272727,54.35064935064935,29.999999999999996,"living"
"1651948076.29.png",77.98701298701297,67.92207792207792,113.44155844155843,103.89610389610388,"living"
"1651948123.42.png",67.46753246753246,67.92207792207792,103.18181818181817,103.63636363636363,"living"
"1651948126.64.png",66.55844155844156,67.27272727272727,103.96103896103895,102.98701298701297,"living"
"1651948180.71.png",81.75324675324674,41.16883116883116,108.24675324675323,68.44155844155843,"living"
"1651948180.71.png",79.8051948051948,2.3376623376623376,89.8051948051948,12.467532467532466,"living"
"1651947712.067904.png",542.5974025974025,24.935064935064933,612.2077922077921,90.38961038961038,"living"
"1651947715.4264052.png",87.01298701298701,47.272727272727266,157.66233766233765,117.9220779220779,"living"
"1651947715.4264052.png",186.75324675324674,14.025974025974024,242.85714285714283,75.84415584415584,"living"
"1651947715.4264052.png",447.5324675324675,21.818181818181817,495.8441558441558,69.09090909090908,"living"
"1651947717.5693347.png",407.01298701298697,161.55844155844153,519.7402597402597,271.6883116883116,"living"
"1651947717.5693347.png",549.3506493506493,111.68831168831167,639.9999999999999,208.31168831168827,"living"
"1651947721.1936498.png",32.467532467532465,94.54545454545453,125.45454545454544,181.8181818181818,"living"
"1651947721.1936498.png",411.1688311688311,77.92207792207792,476.10389610389603,144.41558441558442,"living"
"1651947726.295269.png",430.38961038961037,161.03896103896102,549.3506493506493,273.2467532467532,"living"
"1651947726.295269.png",578.1818181818181,113.76623376623374,640,210.90909090909088,"living"
"1651947745.499198.png",398.70129870129864,128.8311688311688,501.03896103896096,232.7272727272727,"living"
"1651947745.499198.png",281.8181818181818,307.01298701298697,445.97402597402595,475.8441558441558,"living"
"1651947750.3306873.png",251.16883116883113,110.64935064935064,343.11688311688306,204.15584415584414,"living"
"1651947750.3306873.png",418.4415584415584,86.23376623376623,485.97402597402595,154.8051948051948,"living"
"1651947750.3306873.png",321.29870129870125,260.2597402597402,466.2337662337662,410.3896103896103,"living"
"1651947753.48666.png",170.1298701298701,159.99999999999997,281.81818181818176,268.57142857142856,"living"
"1651947753.48666.png",367.01298701298697,115.84415584415584,442.33766233766227,191.68831168831167,"living"
"1651947753.48666.png",242.33766233766232,384.41558441558436,428.3116883116883,479.99999999999994,"living"
"1651947756.9110734.png",456.8831168831168,98.7012987012987,547.7922077922077,185.97402597402595,"living"
"1651947756.9110734.png",621.038961038961,103.89610389610388,640,167.27272727272725,"living"
"1651947756.9110734.png",527.012987012987,241.03896103896102,640,380.77922077922074,"living"
"1651947761.3399246.png",159.2207792207792,67.53246753246752,234.5454545454545,145.97402597402595,"living"
"1651947761.3399246.png",289.09090909090907,25.454545454545453,349.3506493506493,90.9090909090909,"living"
"1651947761.3399246.png",415.8441558441558,56.623376623376615,475.064935064935,117.9220779220779,"living"
"1651947764.9643052.png",224.67532467532465,59.74025974025974,296.8831168831168,132.46753246753246,"living"
"1651947764.9643052.png",395.5844155844155,46.23376623376623,461.03896103896096,116.88311688311687,"living"
"1651947764.9643052.png",499.22077922077915,114.80519480519477,575.8441558441558,187.5324675324675,"living"
"1651947769.3293068.png",384.67532467532465,54.02597402597402,456.8831168831168,127.79220779220778,"living"
"1651947769.3293068.png",552.4675324675325,52.467532467532465,628.8311688311688,124.67532467532466,"living"
"1651947773.4936755.png",384.67532467532465,54.54545454545454,455.3246753246753,127.79220779220779,"living"
"1651947773.4936755.png",551.4285714285713,52.98701298701298,628.8311688311687,127.27272727272725,"living"
"1651947777.318457.png",17.92207792207792,108.57142857142856,116.62337662337661,196.88311688311686,"living"
"1651947777.318457.png",166.4935064935065,43.63636363636363,235.06493506493507,112.72727272727272,"living"
"1651947777.318457.png",310.38961038961037,64.4155844155844,368.57142857142856,127.27272727272725,"living"
"1651947782.6228821.png",17.4025974025974,108.57142857142856,115.06493506493504,197.4025974025974,"living"
"1651947782.6228821.png",165.97402597402592,44.15584415584415,234.5454545454545,114.28571428571428,"living"
"1651947782.6228821.png",310.38961038961037,64.4155844155844,368.57142857142856,125.19480519480518,"living"
"1651947783.9698553.png",18.44155844155844,110.12987012987011,115.06493506493506,197.4025974025974,"living"
"1651947783.9698553.png",165.97402597402595,43.63636363636363,234.025974025974,112.20779220779221,"living"
"1651947783.9698553.png",311.4285714285714,64.4155844155844,368.051948051948,124.67532467532466,"living"
"1651947783.9698553.png",0,218.18181818181813,39.220779220779214,324.1558441558441,"dead"
"1651947786.3849094.png",17.4025974025974,108.57142857142856,116.10389610389609,197.9220779220779,"living"
"1651947786.3849094.png",168.57142857142856,45.19480519480519,234.025974025974,116.36363636363635,"living"
"1651947786.3849094.png",311.4285714285714,64.93506493506493,367.5324675324675,125.19480519480518,"living"
"1651947791.0801752.png",242.33766233766232,162.59740259740258,342.5974025974026,262.85714285714283,"dead"
"1651947791.0801752.png",310.9090909090909,64.93506493506493,367.5324675324675,127.79220779220779,"living"
"1651947791.0801752.png",167.012987012987,44.675324675324674,234.5454545454545,114.8051948051948,"living"
"1651947791.0801752.png",18.44155844155844,108.57142857142856,115.58441558441558,197.9220779220779,"living"
"1651947792.3586495.png",18.96103896103896,109.09090909090908,116.6233766233766,197.4025974025974,"living"
"1651947792.3586495.png",308.8311688311688,64.93506493506493,370.1298701298701,126.75324675324674,"living"
"1651947792.3586495.png",241.81818181818178,161.55844155844153,341.55844155844153,260.77922077922074,"dead"
"1651947794.3733926.png",239.2207792207792,162.07792207792207,340,261.2987012987013,"dead"
"1651947794.3733926.png",309.35064935064935,64.4155844155844,368.57142857142856,126.23376623376622,"living"
"1651947794.3733926.png",18.96103896103896,109.6103896103896,116.10389610389609,198.4415584415584,"living"
"1651947802.0303023.png",0,221.29870129870127,115.58441558441557,348.57142857142856,"living"
"1651947802.0303023.png",270.9090909090909,83.63636363636363,334.2857142857142,150.64935064935065,"living"
"1651947802.0303023.png",344.41558441558436,201.5584415584415,459.48051948051943,313.24675324675314,"dead"
"1651947804.4425087.png",345.71428571428567,201.03896103896102,459.48051948051943,316.3636363636363,"dead"
"1651947804.4425087.png",271.9480519480519,82.59740259740259,334.2857142857142,149.6103896103896,"living"
"1651947804.4425087.png",0.2597402597402597,220.25974025974023,114.02597402597401,350.6493506493506,"living"
"1651947807.3948612.png",179.99999999999997,287.27272727272725,336.8831168831168,445.19480519480516,"living"
"1651947807.3948612.png",237.1428571428571,89.35064935064935,303.11688311688306,158.4415584415584,"living"
"1651947807.3948612.png",447.01298701298697,146.4935064935065,548.8311688311687,245.7142857142857,"dead"
"1651947810.7510912.png",69.87012987012986,130.9090909090909,152.98701298701297,210.38961038961037,"living"
"1651947810.7510912.png",325.45454545454544,260.2597402597402,472.46753246753246,407.27272727272725,"living"
"1651947810.7510912.png",329.6103896103896,97.14285714285714,407.5324675324675,176.1038961038961,"dead"
"1651947813.6396592.png",22.4025974025974,30.779220779220775,41.883116883116884,49.35064935064935,"living"
"1651947813.6396592.png",71.36363636363636,13.506493506493506,86.94805194805194,28.83116883116883,"dead"
"1651947813.6396592.png",102.2077922077922,31.16883116883116,126.42857142857142,54.415584415584405,"living"
"1651947816.3265166.png",15.909090909090908,39.35064935064935,37.857142857142854,59.74025974025973,"living"
"1651947816.3265166.png",93.57142857142857,20.25974025974026,113.96103896103895,40.38961038961038,"living"
"1651947816.3265166.png",49.28571428571428,13.896103896103895,65.25974025974025,28.44155844155844,"dead"
"1651947819.212789.png",23.05194805194805,55.19480519480519,49.93506493506493,80.25974025974025,"living"
"1651947819.212789.png",86.68831168831169,17.66233766233766,105.64935064935065,37.272727272727266,"living"
"1651947819.212789.png",32.14285714285714,19.610389610389607,50.06493506493506,36.623376623376615,"dead"
"1651947822.4338276.png",35,14.285714285714285,51.62337662337662,29.480519480519476,"dead"
"1651947822.4338276.png",81.62337662337661,17.532467532467532,100.32467532467531,36.49350649350649,"living"
"1651947822.4338276.png",7.207792207792207,41.94805194805195,30.45454545454545,63.896103896103895,"living"
"1651947835.7347462.png",49.28571428571428,28.18181818181818,72.9220779220779,51.81818181818181,"living"
"1651947835.7347462.png",73.3116883116883,24.935064935064933,94.09090909090908,46.883116883116884,"living"
"1651947835.7347462.png",93.44155844155843,22.207792207792206,114.6103896103896,44.41558441558441,"dead"
"1651947838.3474061.png",0.06493506493506493,35.064935064935064,23.701298701298697,61.42857142857142,"living"
"1651947838.3474061.png",23.44155844155844,29.610389610389607,46.29870129870129,53.76623376623376,"living"
"1651947838.3474061.png",46.038961038961034,25.324675324675322,65.77922077922076,46.23376623376623,"dead"
"1651947840.628133.png",90.19480519480518,19.35064935064935,109.15584415584414,38.57142857142857,"living"
"1651947840.628133.png",109.28571428571428,17.532467532467532,126.68831168831167,36.49350649350649,"living"
"1651947840.628133.png",126.16883116883116,17.142857142857142,144.35064935064935,36.49350649350649,"dead"
"1651947842.5093932.png",40.97402597402597,13.636363636363635,57.98701298701298,30.519480519480517,"living"
"1651947842.5093932.png",57.857142857142854,11.038961038961038,72.27272727272727,26.36363636363636,"living"
"1651947842.5093932.png",71.88311688311687,8.96103896103896,86.55844155844154,24.415584415584412,"dead"
"1651947844.7259588.png",81.88311688311687,32.33766233766234,106.16883116883116,56.103896103896105,"living"
"1651947844.7259588.png",106.29870129870129,29.35064935064935,126.94805194805194,52.59740259740259,"living"
"1651947844.7259588.png",127.07792207792207,28.311688311688307,147.46753246753246,50.90909090909091,"dead"
"1651947846.6700134.png",65.38961038961038,18.44155844155844,83.7012987012987,38.051948051948045,"living"
"1651947846.6700134.png",83.44155844155843,15.844155844155843,99.80519480519479,34.28571428571428,"living"
"1651947846.6700134.png",98.76623376623375,14.025974025974024,115.25974025974024,31.948051948051948,"dead"
"1651947851.5054033.png",37.72727272727273,32.467532467532465,62.53246753246753,56.623376623376615,"living"
"1651947851.5054033.png",53.96103896103896,23.636363636363633,73.83116883116882,44.54545454545454,"living"
"1651947851.5054033.png",65.25974025974025,17.79220779220779,82.27272727272727,36.49350649350649,"dead"
"1651947854.258086.png",52.272727272727266,16.753246753246753,68.11688311688312,32.467532467532465,"dead"
"1651947854.258086.png",45.77922077922077,22.467532467532465,66.68831168831167,42.2077922077922,"living"
"1651947854.258086.png",39.15584415584415,32.857142857142854,63.831168831168824,55.71428571428571,"living"
"1651947857.8826573.png",81.10389610389609,26.88311688311688,100.45454545454544,46.49350649350649,"living"
"1651947865.3375418.png",67.46753246753246,23.636363636363633,87.85714285714285,45.97402597402597,"living"
"1651947865.3375418.png",101.75324675324674,26.88311688311688,119.4155844155844,46.23376623376623,"living"
"1651947865.3375418.png",83.44155844155843,56.233766233766225,115.90909090909089,89.35064935064935,"living"
"1651947868.5566106.png",21.363636363636363,30.389610389610386,43.96103896103896,52.59740259740259,"dead"
"1651947868.5566106.png",75.64935064935064,6.883116883116882,90.58441558441557,22.98701298701298,"living"
"1651947868.5566106.png",97.46753246753246,7.272727272727272,109.41558441558442,19.22077922077922,"living"
"1651947868.5566106.png",110.06493506493506,17.66233766233766,129.15584415584414,37.402597402597394,"living"
"1651947968.191316.png",8.506493506493506,41.94805194805195,35.51948051948052,67.14285714285714,"dead"
"1651947972.083826.png",7.467532467532467,42.467532467532465,33.96103896103896,67.27272727272727,"dead"
"1651947976.5193512.png",19.675324675324674,20.25974025974026,38.37662337662337,39.35064935064935,"dead"
"1651947981.3495016.png",19.415584415584412,20.519480519480517,38.636363636363626,40.12987012987013,"dead"
"1651947989.2023346.png",11.363636363636363,12.987012987012985,27.467532467532465,28.44155844155844,"dead"
"1651947992.8308465.png",50.97402597402597,8.44155844155844,65.51948051948051,24.025974025974023,"living"
"1651947992.8308465.png",94.99999999999999,9.35064935064935,109.80519480519479,24.285714285714285,"dead"
"1651947998.3371406.png",83.7012987012987,23.506493506493506,103.18181818181817,43.63636363636363,"living"
"1651948004.4459343.png",83.18181818181817,23.116883116883116,103.05194805194805,43.116883116883116,"living"
"1651948004.4459343.png",90.71428571428571,8.7012987012987,103.57142857142857,22.337662337662337,"living"
"1651948009.0094247.png",44.74025974025974,35.32467532467532,65.12987012987013,55.97402597402596,"living"
"1651948009.0094247.png",86.03896103896103,64.8051948051948,122.4025974025974,101.68831168831167,"living"
"1651948013.170198.png",44.74025974025974,35.32467532467532,64.6103896103896,55.32467532467531,"living"
"1651948013.170198.png",86.29870129870129,65.06493506493506,121.23376623376622,101.03896103896102,"living"
"1651948018.6107337.png",35.38961038961039,35.58441558441558,59.8051948051948,58.31168831168831,"dead"
"1651948018.6107337.png",86.16883116883116,65.19480519480518,122.012987012987,101.29870129870127,"living"
"1651948034.8601198.png",18.246753246753244,38.18181818181818,44.35064935064935,62.2077922077922,"dead"
"1651948041.0340722.png",19.155844155844154,36.1038961038961,47.2077922077922,61.68831168831168,"living"
"1651948044.7284262.png",53.18181818181818,54.28571428571428,85.64935064935065,86.36363636363635,"living"
"1651948048.1511908.png",57.98701298701298,93.76623376623375,104.2207792207792,119.99999999999999,"living"
"1651948054.1242533.png",50.19480519480519,24.415584415584412,72.14285714285714,47.272727272727266,"living"
"1651948060.9078577.png",64.22077922077922,31.428571428571427,88.8961038961039,55.45454545454545,"living"
"1651948070.4386325.png",74.09090909090908,40.12987012987013,100.58441558441557,67.53246753246754,"living"
"1651948072.7869437.png",86.29870129870129,59.480519480519476,120.97402597402596,93.63636363636363,"living"
"1651948074.8717782.png",35,50.12987012987013,64.35064935064935,78.3116883116883,"living"
"1651948077.0238473.png",73.05194805194805,49.220779220779214,103.18181818181817,78.57142857142856,"living"
"1651948078.9640903.png",45.259740259740255,64.8051948051948,81.23376623376623,99.0909090909091,"living"
"1651948083.5970047.png",43.7012987012987,65.45454545454545,78.89610389610388,100.9090909090909,"living"
"1651948090.915555.png",57.98701298701298,80.25974025974025,99.02597402597402,120,"living"
"1651948093.6023703.png",51.49350649350649,73.24675324675324,89.67532467532467,112.07792207792207,"living"
"1651948097.3603258.png",50.97402597402597,72.33766233766234,90.19480519480518,112.20779220779221,"living"
"1651948100.115326.png",77.59740259740259,80.25974025974025,117.46753246753246,119.74025974025973,"living"
"1651948102.5954714.png",49.54545454545454,37.14285714285714,75.77922077922076,63.37662337662337,"living"
"1651948105.8880665.png",66.29870129870129,36.36363636363636,91.88311688311687,62.72727272727272,"living"
"1651948108.4388125.png",66.68831168831169,36.75324675324675,92.01298701298701,62.33766233766233,"living"
"1651948110.0483758.png",65.9090909090909,36.88311688311688,92.79220779220779,61.16883116883116,"living"
"1651948113.1384003.png",68.63636363636363,45.84415584415584,97.72727272727272,74.15584415584415,"living"
"1651948116.4254117.png",56.16883116883116,47.53246753246753,86.03896103896103,76.88311688311688,"living"
"1651948120.0499272.png",62.272727272727266,50.38961038961038,89.02597402597402,77.79220779220779,"dead"
"1651948123.4107385.png",25.25974025974026,96.36363636363636,69.93506493506493,120,"dead"
"1651948126.9034846.png",41.75324675324675,55.32467532467532,71.10389610389609,84.54545454545453,"dead"
"1651948132.0714436.png",36.42857142857142,55.32467532467532,69.15584415584415,87.27272727272727,"living"
"1651948136.096285.png",73.05194805194805,8.83116883116883,106.42857142857142,42.857142857142854,"living"
"1651948142.1414564.png",65.9090909090909,46.1038961038961,112.92207792207792,94.15584415584414,"living"
"1651948166.75.png",63.051948051948045,0.3896103896103896,72.66233766233765,10.12987012987013,"living"
"1651948170.98.png",59.93506493506493,2.3376623376623376,70.19480519480518,13.506493506493506,"living"
"1651948176.7747364.png",42.14285714285714,37.79220779220779,89.02597402597402,85.06493506493506,"living"
"1651948179.7950928.png",93.18181818181817,5.584415584415584,124.09090909090908,37.66233766233766,"living"
"1651948183.558245.png",99.93506493506493,12.077922077922077,133.7012987012987,45.71428571428571,"living"
"1651948187.784387.png",58.11688311688311,43.76623376623376,106.42857142857142,91.81818181818181,"living"
"1651948190.4058802.png",44.35064935064935,97.14285714285714,106.16883116883116,120,"living"
"1651948193.2909415.png",10.974025974025974,46.49350649350649,66.68831168831169,99.99999999999999,"living"
"1651948205.5751646.png",98.37662337662337,14.935064935064934,133.3116883116883,49.480519480519476,"living"
"1651948208.5995758.png",85.38961038961038,0.12987012987012986,113.18181818181817,25.584415584415584,"living"
"1651948211.2870948.png",44.870129870129865,0,77.72727272727272,32.077922077922075,"living"
"1651948213.6323688.png",0.1948051948051948,19.35064935064935,29.675324675324674,67.27272727272727,"living"
"1651948216.1877468.png",0.5844155844155844,54.28571428571428,59.8051948051948,111.29870129870127,"living"
"1651948218.4690816.png",0.06493506493506493,54.02597402597402,60.19480519480519,111.81818181818181,"living"
"1651948218.4690816.png",116.16883116883116,38.831168831168824,156.2987012987013,75.19480519480518,"dead"
"1651948222.1635919.png",84.48051948051948,21.818181818181817,119.15584415584415,56.49350649350649,"dead"
"1651948222.1635919.png",0.3246753246753247,54.15584415584415,60.32467532467532,111.94805194805193,"living"
"1651948224.9777162.png",38.76623376623376,9.22077922077922,76.03896103896102,47.01298701298701,"living"
"1651948224.9777162.png",84.99999999999999,22.337662337662337,119.02597402597401,56.36363636363636,"dead"
"1651948227.934147.png",2.0129870129870127,2.2077922077922074,44.090909090909086,42.077922077922075,"living"
"1651948227.934147.png",85.9090909090909,21.818181818181817,120.71428571428571,57.53246753246752,"dead"
"1651948230.8200843.png",39.8051948051948,34.285714285714285,85.77922077922076,80.25974025974025,"living"
"1651948230.8200843.png",86.16883116883116,22.077922077922075,120.32467532467531,56.75324675324675,"dead"
"1651948237.331652.png",53.18181818181818,9.22077922077922,88.5064935064935,47.53246753246753,"living"
"1651948237.331652.png",86.68831168831169,22.597402597402596,121.10389610389609,57.53246753246752,"dead"
"1651948237.331652.png",109.93506493506493,13.116883116883116,141.1038961038961,45.45454545454545,"living"
"1651948242.1670616.png",52.92207792207792,9.09090909090909,87.85714285714285,47.01298701298701,"living"
"1651948242.1670616.png",86.94805194805194,22.597402597402596,120.32467532467531,58.18181818181817,"dead"
"1651948242.1670616.png",117.85714285714285,19.740259740259738,149.93506493506493,53.5064935064935,"living"
"1651948245.85708.png",52.14285714285714,9.74025974025974,86.55844155844156,45.71428571428571,"living"
"1651948245.85708.png",85.9090909090909,22.987012987012985,119.67532467532467,58.3116883116883,"dead"
"1651948245.85708.png",119.4155844155844,28.701298701298697,157.07792207792207,64.67532467532467,"living"
"1651948256.5993068.png",50.84415584415584,8.96103896103896,86.42857142857142,45.06493506493506,"living"
"1651948256.5993068.png",86.81818181818181,22.857142857142854,121.36363636363635,57.79220779220778,"dead"
"1651948256.5993068.png",118.63636363636363,24.675324675324674,155.25974025974025,60.649350649350644,"living"
"1651948272.5127513.png",50.97402597402597,9.870129870129869,86.42857142857142,45.58441558441558,"living"
"1651948272.5127513.png",119.4155844155844,26.1038961038961,155.90909090909088,61.688311688311686,"living"
"1651948272.5127513.png",86.42857142857142,23.506493506493506,119.80519480519479,57.92207792207792,"dead"
"1651948328.6377203.png",128.76623376623377,12.207792207792206,160,41.94805194805194,"living"
"1651948332.8038914.png",79.54545454545453,1.1688311688311688,108.1168831168831,32.33766233766234,"living"
"1651948338.7081554.png",23.7012987012987,25.71428571428571,64.87012987012986,65.97402597402596,"dead"
"1651948338.7081554.png",79.54545454545453,0.909090909090909,108.1168831168831,31.16883116883117,"living"
"1651948344.2139053.png",61.233766233766225,0.12987012987012986,90.97402597402596,28.96103896103896,"living"
"1651948344.2139053.png",0,8.44155844155844,26.818181818181817,48.18181818181818,"dead"
"1651948355.4276204.png",0,7.532467532467532,28.116883116883113,47.01298701298701,"dead"
"1651948355.4276204.png",60.71428571428571,0,90.45454545454544,28.831168831168828,"living"
"1651948359.317872.png",76.29870129870129,2.2077922077922074,103.96103896103895,31.948051948051944,"dead"
"1651948359.317872.png",128.24675324675323,6.103896103896103,158.50649350649348,35.32467532467532,"living"
"1651948372.8118002.png",147.72727272727272,0,160,14.025974025974024,"dead"
"1651948376.5723639.png",137.59740259740258,2.987012987012987,152.9220779220779,17.79220779220779,"dead"
"1651948379.9968057.png",141.36363636363635,5.454545454545454,157.07792207792207,19.999999999999996,"dead"
"1651948382.2131834.png",120.32467532467531,9.999999999999998,136.16883116883116,25.58441558441558,"dead"
"1651948384.0260599.png",155.77922077922076,15.194805194805193,159.99999999999997,29.480519480519476,"dead"
"1651948386.5779076.png",133.96103896103895,2.987012987012987,148.37662337662337,17.662337662337663,"dead"